"Id_produits";"Id_employees";"sai_date";"sai_description"
"8";"5";"2019-02-14 10:24:36";"changer le prix de produit de 750 euro à 800 euro "
"3";"9";"2021-04-20 16:10:52";"modifier la quantité de produit en stock de 0 à 30"
NULL;"6";"2121-09-27 13:25:00";"modifier le stock de 15 à 25 "
NULL;"6";"2121-09-27 13:25:00";"modifier le stock de 15 à 25 "
NULL;"6";"2121-09-27 13:41:00";"modifier le stock de 15 à 25 "
NULL;"6";"2121-09-27 13:41:00";"produits bloqué"
"8";"6";"2121-09-27 13:45:00";"débloqué le produit"
"8";"6";"2121-09-27 13:46:00";"modifier le stock de 12 à 25  et produits bloqué"
