"Id_employees";"emp_nom";"emp_prenom";"emp_adresse";"emp_cp";"emp_ville";"emp_mail";"emp_phone";"emp_mot_pass";"emp_dat_embauche";"Id_poste"
"1";"MOLETTE";"Denis";"27 avenue Paul Lepoulpe";"80000";"Amiens";"dmolette@blabla.fr";"102030405";"$2y$10$BBFFx.lzX3Ch6IUnVt5he.xwKhZ2k0c5FJVpbn00ylZ...";"2010-05-05";"4"
"2";"NAGER";"Emma";"14 rue Tabaga";"80300";"Albert";"emmanager@laposte.net";"102030405";"$2y$10$BBFFx.lzX3Ch6IUnVt5he.xwKhZ2k0c5FJVpbn00ylZ...";"2000-05-15";"7"
"3";"LEBOSSE";"Hugo";"28 mail Ludovic Cruchot";"75001";"Paris";"leboss@jarditou.com";"102030405";"$2y$10$BBFFx.lzX3Ch6IUnVt5he.xwKhZ2k0c5FJVpbn00ylZ...";"2020-04-18";"8"
"4";"LAPAGE";"Edith";"22 rue Stevy Boulay";"60300";"Senlis";"lapage60300@yahoo.fr";"102030405";"$2y$10$BBFFx.lzX3Ch6IUnVt5he.xwKhZ2k0c5FJVpbn00ylZ...";"2011-12-11";"3"
"5";"DRESSAMERE";"Yvan";"224 avenue Caumartin";"75009";"Paris";"yvan75009@outlook.com";"102030405";"$2y$10$BBFFx.lzX3Ch6IUnVt5he.xwKhZ2k0c5FJVpbn00ylZ...";"2017-01-23";"25"
"6";"iedn";"Coco";"56 cours Loana";"02000";"Laon";"merce@wazaa.net";"102030405";"$2y$10$BBFFx.lzX3Ch6IUnVt5he.xwKhZ2k0c5FJVpbn00ylZ...";"2020-05-05";"36"
"7";"AMAR";"Yann";"4 rue du papillon de lumière";"62000";"Arras";"amar@azerty.com";"102030405";"$2y$10$BBFFx.lzX3Ch6IUnVt5he.xwKhZ2k0c5FJVpbn00ylZ...";"2005-07-28";"7"
"8";"ASAP";"Liliane";"Appartement 202-3846 Suspendisse Chemin";"FA46 ";"Pekanbaru";"convallis@Integer.com";"102030405";"$2y$10$BBFFx.lzX3Ch6IUnVt5he.xwKhZ2k0c5FJVpbn00ylZ...";"2020-02-29";"11"
"9";"LAVISSE";"Edouard";"131-3667 Arcu. Rd.";"80136";"Rivery";"nulla.magna@Proinvel.co.uk";"102030405";"$2y$10$BBFFx.lzX3Ch6IUnVt5he.xwKhZ2k0c5FJVpbn00ylZ...";"2007-12-17";"3"
"10";"HILLARY";"Dorian";"6824 Placerat. Route";"12787";"Parramatta";"mus@Morbi.co.uk";"102030405";"$2y$10$BBFFx.lzX3Ch6IUnVt5he.xwKhZ2k0c5FJVpbn00ylZ...";"2021-01-30";"4"
"11";"POUTIN";"Vladimir";"251-633 Convallis Impasse";"8373 ";"Colchester";"facilisis.vitae.orci@indolor.net";"102030405";"$2y$10$BBFFx.lzX3Ch6IUnVt5he.xwKhZ2k0c5FJVpbn00ylZ...";"2020-05-05";"3"
"12";"DECLAN";"Richard";"Appartement 870-7677 Magna Av.";"42980";"Dornbirn";"Mauris@amet.ca";"102030405";"$2y$10$BBFFx.lzX3Ch6IUnVt5he.xwKhZ2k0c5FJVpbn00ylZ...";"2020-05-05";"12"
"13";"ABRAHAM";"François";"612-4178 Urna Chemin";"87784";"Llanidloes";"sodales@malesuadaInteger.com";"102030405";"$2y$10$BBFFx.lzX3Ch6IUnVt5he.xwKhZ2k0c5FJVpbn00ylZ...";"2020-05-05";"20"
"14";"COOPER";"Dale";"6954 Mauris Av.";"17543";"Kalyan";"Nunc.ullamcorper.velit@penatibuset.org";"102030405";"$2y$10$BBFFx.lzX3Ch6IUnVt5he.xwKhZ2k0c5FJVpbn00ylZ...";"2020-05-05";"7"
