"Id_fournisseurs";"fou_nom";"fou_ville";"fou_pays";"fou_adresse";"fou_cp";"fou_mail";"fou_nom_contact";"fou_contact_phone";"fou_type"
"1";"Amet Orci PC";"Cinisi";"FRANCE";"Appartement 402-3526 Massa Rue";"88835";"amet.fou@gmail.com";"ALOU Amira";"09 65 12 45 03";"0"
"2";"Integer Vulputate Risus Consulting";"Mazenzele";"France";"4509 Libero Chemin";"91003";"Vuluputate@gmail.com";"Harper Edan";"07 12 88 74 07";"0"
"3";"Maecenas Malesuada Inc.";"Washington";"FRANCE";"Appartement 975-1252 Odio. Impasse";"55361";"Maecenas@hotmail.com";"Dale Lucius";"07 09 79 41 97";"1"
"4";"Dictum Mi Ac Inc.";"Vandoeuvre-lès-Nancy";"FRANCE";"Appartement 245-2355 Auctor, Route";"21846";"Dictum@gmail.com";"Holden Dorian";"09 04 52 00 84";"0"
"5";"Eleifend Vitae Industries";"San Nicolás";"FRANCE";"Appartement 536-5751 Neque Rue";"12959";"Eleifend@gmail.fr";"Herman Aurora";"08 04 60 78 18";"1"
"6";"Nunc Quis Arcu Corporation";"Werder";"FRANCE";"491-9263 Aenean Avenue";"56602";"NUNC@gmail.com";"Cruz Alvin";"08 30 54 07 77";"0"
"7";"A Sollicitudin Consulting";"White Rock";"FRANCE";"Appartement 142-1903 Libero Rue";"23030";"sollicitudin@gmail.fr";"Santana Carissa";"02 08 93 32 17";"1"
