"Id_categories";"cat_nom";"cat_desc";"Id_categories_1"
"1";"batterie";"ça tape et ça cogne";NULL
"2";"accessoires";"de la connection";NULL
"3";"cases";"des rangements et des rangements";NULL
"4";"guitares";"ça gratte";NULL
"5";"studio";"pour ceux qui chantes ou pas...";NULL
"6";"DJ";"pia pia piano";NULL
"7";"clavier";"tous les bouton";NULL
"8";"sono";"cest qui le DJ";NULL
"9";"éclairage";"la lumière";NULL
"10";"cable micro";"connectic multi pin pour micros";"2"
"11";"midi";"micros et sonos";"8"
"12";"mixte";"adaptateur et double connectics";"2"
"13";"housse";"housses souples";"3"
"14";"rigide";"plastic ou bois delux";"3"
"15";"basse electrique";"du lourd";"4"
"16";"basse acoustique";"pour les unpluged";"4"
"17";"étuis rigides";"étuis en bois ou plastiqu pour sonos";"3"
"18";"guitare électrique";"les guitares électrique de toutes marques";"4"
"19";"guitare acoustique & rlrcto_acoustique";"les guitares acoustiques de toutes marques";"4"
"20";"guitare classique";"les guitares classiques de toutes marques";"4"
"21";"ampli guitare";"sonorisation quitare";"8"
"22";"ampli basse";"sonorisation basse";"8"
"23";"micro";"prise de son";"5"
"24";"baffle";"table de mixage";"5"
"25";"standard";"le grand classique";"1"
"26";"rock";"indémodable";"1"
"27";"fusion";"ça déchire";"1"
"28";"jazz";"le virtuose";"1"
"29";"junior";"le pitchoune";"1"
"30";"débutant";"il faut bien commencer";"1"
"31";"compacte";"y à plus de place";"1"
"32";"jack court";"longueurs < à un mètre";"2"
"33";"Accordéons";"accorder et jouer";"6"
"34";"grosses caisse";"batteries classique";"1"
"35";"base semi_acoustique";NULL;"4"
"36";"ukulélés";"un petit guitare";"4"
"39";"piano";NULL;"7"
