"Id_clients";"cli_nom";"cli_prenom";"cli_adresse";"cli_cp";"cli_ville";"cli_mail";"cli_phone";"cli_mot_pass";"cli_ins_date";"cli_type";"cli_ref";"cli_coefficient";"Id_employees"
"1";"George";"Nolan";"CP 214, 1460 Dui Avenue";"81313";"Moerkerke";"george@gmail.com";"129812927";"$2y$10$/woB5S/i61Dmtb7AVAKjY.H2.XG4L4t76/T8BqRAVBxNEiV8CkNr6";"2021-02-14 00:00:00";"0";"AB1402";"1.600";"11"
"2";"Sandoval";"Linda";"Appartement 443-4185 Lacinia. Route";"12512";"Torgnon";"Proin.dolor@sodales.net";"345298967";"$2y$10$/woB5S/i61Dmtb7AVAKjY.H2.XG4L4t76/T8BqRAVBxNEiV8CkNr6";"2000-03-18 00:00:00";"0";"AC1803";"1.600";"1"
"3";"Johns";"Judah";"478-741 Urna. Av.";"68356";"Baarle-Hertog";"johns@gmail.com";"147649162";"$2y$10$/woB5S/i61Dmtb7AVAKjY.H2.XG4L4t76/T8BqRAVBxNEiV8CkNr6";"2020-10-30 00:00:00";"1";"PRO3010";"1.200";"4"
"8";"iedn";"imen";"jagstdyds";"80000";"amiens";"imen@gmail.com";NULL;"$2y$10$/woB5S/i61Dmtb7AVAKjY.H2.XG4L4t76/T8BqRAVBxNEiV8CkNr6";NULL;"2";"TR045";"1.600";"1"
