"Id_produits";"pro_lib_court";"pro_lib_long";"pro_fou_ref";"pro_photo";"pro_pri_achat";"pro_stock";"pro_bloque";"Id_fournisseurs_pro";"Id_categories_pro";"pro_date_ajou"
"1";"Guitare";"Yamaha - Guitare Classique C40BL Noir";"C40BL";"jpg";"130.00";"12";"0";"2";"20";"2021-09-12 15:26:57"
"2";"GIBSON";"GIBSON SG Standard Tribute 2019 - vintage cherry satin";"SG2019";"jpg";"856.00";"17";"0";"2";"18";"2020-09-06 15:27:12"
"3";"APPLAUSE";"APPLAUSE AE44II Mid Cutaway - natural";"AE44II";"jpg";"270.00";"30";"0";"2";"19";"2018-06-19 15:27:31"
"4";"AQUILINA";"AQUILINA Shelby 4 Custom (#01854) - natural";"AQUI1854";"jpg";"3200.00";"90";"0";"3";"15";"2017-07-19 15:27:54"
"5";"CORT";"CORT SJB6FX Fretless NAT +bag - natural";"CORTSJB6FX";"jpg";"740.00";"25";"1";"2";"16";"2021-03-23 06:28:35"
"6";"Flyht Pro";"Flyht Pro Case Uni­versal 2 / 120cm";"FLPROU2";"jpg";"200.00";"10";"0";"2";"14";"2020-06-24 15:28:53"
"7";"MARSHALL";"MARSHALL AS50DC Acoustic - Racing Green";"AS50DC";"jpg";"290.00";"3";"0";"2";"21";"2020-10-20 15:29:07"
"8";"FENDER";"FENDER Rumble Stage 800";"FENDRS800";"jpg";"800.00";"25";"1";"5";"22";"2020-01-20 21:10:59"
"9";"Accordéon";"Startone Piano Accordion 72 Black";"AC690";"JPG";"489.00";"10";"0";"7";"33";"2021-07-13 15:29:45"
"10";"Grosses Caisses 20";"Pearl Export 20""x16"" Bass Drum #31";"GK666";"jpg";"244.00";"7";"0";"5";"34";"2021-01-17 08:29:52"
"11";"câbles ";"cable avec fiche CCE";"CCE652";"jpg";"14.90";"30";"0";"3";"2";"2021-04-14 15:30:59"
"12";"Yamaha";"piano yamaha ,37 touches miniatures sensibles à la vélocité";"PSSA50";"jpg";"85.00";"36";"0";"4";"39";NULL
"13";"grand piano";"Conçu pour créer un lien singulier avec le pianiste, les développeurs des instruments de la série CX ont donné naissance à un piano qui peut vraiment chanter";"C3XPE";"jpg";"27990.00";"4";"0";"6";"39";NULL
"14";"the ssnake";"Multipaire 8 canaux
8 x XLR mâle/8 x XLR femelle";"SXX80";"jpg";"22.70";"120";"0";"6";"10";NULL
"15";"Etui rigide";"Thomann Elite Guitar Case Jumbo 1";"AH652";"jpg";"88.00";"60";"0";"5";"13";NULL
"16";"Etui pour euphonium";"Soundwear Professional Euphonium BK";"INS149";"jpg";"369.00";"14";"0";"4";"13";NULL
"17";"Casque Bluetooth";"Marshall Major IV Bluetooth Black";"SPL159";"jpg";"109.00";"36";"0";"4";"10";NULL
"18";"Denon DJ ";"Lecteur multimédia pour DJ
Écran tactile HD de 10,1 pouces avec une excellente interface visuelle et interactive
3x ports USB, 1x lecteur de carte SD";"SC600";"jpg";"1499.00";"11";"0";"7";"33";NULL
"19";"the t.mix ";"the t.mix 201-USB Play
Fun Generation PL 15 Sub A
Fun Generation Speaker Stand Pair
2 piece(s) Fun Generation PL 108 A
2 piece(s) pro snake TPA 1003 FR
2 piece(s) the sssnake SM10BK
2 piece(s) the sssnake SM6BK";" 201USB";"jpg";"458.00";"9";"0";"3";"33";NULL
"20";"KRK Rokit";"Montage : haut-parleur en verre aramide de 5"" et tweeter en verre aramide de 1""
Puissance : 55 Watt: 20 Watt Tweeter, 35 Watt Woofer
Amplificateur de classe D, bi-amplifié
Réponse en fréquence : 43 - 40000 Hz";"RP5G4";"jpg";"149.00";"20";"0";"3";"24";NULL
"21";"Adam S6X";"Moniteurs principaux actif 4 voies
Montage en Bass-Reflex
2x 500W (RMS), 2x 250W (RMS), 1x 250W (RMS) et 1x 250W (RMS)";"S6KX";"jpg";"19490.00";"4";"0";"5";"24";NULL
"22";"Adam Hall SKS 05";"Support de clavier
Longueur et hauteur réglables
Profondeur: 310 mm";"TY251";"jpg";"49.00";"47";"0";"7";"39";NULL
